MATRIX_SIZE,IJK,IKJ,JIK,JKI,KIJ,KJI
480,1.000000,1.905787,1.048135,1.192193,1.860507,1.172405
640,1.000000,1.826433,1.023800,1.135544,1.765609,1.157190
960,1.000000,2.105473,0.910318,0.913001,2.034699,0.824268
1280,1.000000,2.004627,1.092249,1.045771,2.012331,1.099216
1920,1.000000,6.169209,1.049838,1.072921,5.961399,1.074576
