MATRIX_SIZE,IJK,IKJ,JIK,JKI,KIJ,KJI
480,1.000000,1.622655,1.027023,1.089524,1.602047,1.108097
640,1.000000,1.585507,1.080313,1.148535,1.599101,1.102321
960,1.000000,2.312278,0.971760,1.242334,2.203057,1.062581
1280,1.000000,1.815941,1.123972,1.087840,1.799490,1.129483
1920,1.000000,6.106841,1.050119,1.088892,5.970720,1.088415
