MATRIX_SIZE,CHUNK,SERIAL_TIME,P2T,P4T,P8T,IMPROVED_SERIAL,IP2T,IP4T,IP8T
1000,1,1.657589,0.914853,0.510523,0.288957,0.185611,0.116366,0.051156,0.027573
1000,10,1.913737,1.041265,0.601817,0.331694,0.197517,0.101977,0.052566,0.029669
1000,100,1.694636,0.905951,0.597447,0.408367,0.189956,0.100930,0.059770,0.040972
2000,1,77.385575,50.053269,23.411402,14.938429,2.808447,1.480169,0.836497,0.589807
2000,10,102.865490,52.297721,23.547016,12.658421,2.623592,1.437331,0.727675,0.396481
2000,100,114.613415,52.667600,31.877541,19.029985,2.615140,1.434429,0.732097,0.468111
