MATRIX_SIZE,THREADS,CHUNK,SERIAL_TIME,P2T,P4T,P8T,IMPROVED_SERIAL,IP2T,IP4T,IP8T
10,0.000000,0.000080,0.000108,0.000117,0.000002,0.000136,0.000128,0.000125
10,0.000000,0.000076,0.000142,0.000128,0.000001,0.000094,0.000099,0.000107
10,0.000002,0.000074,0.000075,0.000116,0.000002,0.000076,0.000109,0.000070
1000,1.888110,1.067431,0.524245,0.345040,0.222280,0.114240,0.054367,0.034890
2000,152.566360,85.964128,42.259628,19.313429,3.796832,1.659096,0.832766,0.588894
1000,1.782991,0.924478,0.534659,0.398158,0.188547,0.098043,0.051812,0.029937
