MATRIX_SIZE,CHUNK,SERIAL_BASELINE,P2T,P4T,P8T,IMPROVED_SERIAL,IP2T,IP4T,IP8T
500,1,1.000000,2.431306,3.885653,5.912813,6.867697,12.628932,24.912753,41.804872
500,2,1.000000,2.165139,4.037193,6.394109,6.600338,13.059919,24.628451,46.745656
750,1,1.000000,2.093840,4.106683,7.206271,6.460243,10.947946,24.661009,44.248372
750,2,1.000000,2.079044,4.109024,7.516291,6.703978,12.552135,24.819117,46.121515
