MATRIX_SIZE,CHUNK,SERIAL_TIME,P2T,P4T,P8T,IMPROVED_SERIAL,IP2T,IP4T,IP8T
1000,100,1.551228,0.879282,0.541594,0.419281,0.191598,0.100318,0.060797,0.043072
