MATRIX_SIZE,CHUNK,SERIAL_BASELINE,P2T_SPEEDUP,P4T_SPEEDUP,P8T_SPEEDUP,IMPROVED_SERIAL_SPEEDUP,IP2T_SPEEDUP,IP4T_SPEEDUP,IP8T_SPEEDUP
1000,1,1.000000,1.952763,3.487531,5.489963,8.670603,13.484778,33.200265,51.787483
1000,10,1.000000,1.857314,3.363971,4.778079,8.563049,16.880997,33.089725,55.779532
1000,20,1.000000,1.939251,3.514526,5.805594,9.398282,19.021757,36.188536,63.935910
1000,50,1.000000,1.798868,3.340015,4.250277,6.987467,15.478337,30.144772,41.895141
