MATRIX_SIZE,CHUNK,SERIAL_BASELINE,P2T,P4T,P8T,IMPROVED_SERIAL,IP2T,IP4T,IP8T
480,25,1.000000,2.346976,3.926424,5.976758,7.064721,13.116125,25.435066,42.119536
480,50,1.000000,2.003634,3.377355,4.435720,6.255503,11.502003,19.482686,28.234330
480,100,1.000000,1.793537,2.716341,4.374721,6.276774,10.123020,15.759389,27.857029
480,150,1.000000,1.754772,3.112549,3.092120,6.413126,10.689163,19.953586,20.177477
960,25,1.000000,1.795707,3.394176,6.329271,6.183695,11.248527,26.015904,52.848011
960,50,1.000000,1.988601,3.131354,3.928464,9.540238,16.817019,34.380258,56.731560
960,100,1.000000,1.980378,2.503656,4.249587,10.187132,18.603361,31.589286,42.997796
960,150,1.000000,2.008942,2.753065,4.745516,11.201234,21.317536,35.505195,69.502115
