MATRIX_SIZE,THREADS,CHUNK,IJK,IKJ,JIK,JKI,KIJ,KJI
500,10,1,1.000000,7.074802,1.216409,0.193051,0.175621,0.185489
500,10,2,1.000000,5.039499,0.711894,0.148156,0.129358,0.125895
750,10,1,1.000000,4.424619,0.956443,0.197567,0.163954,0.153563
750,10,2,1.000000,4.912506,0.926880,0.221862,0.170451,0.177762
