MATRIX_SIZE,THREADS,CHUNK,IJK,IKJ,JIK,JKI,KIJ,KJI
480,10,48,1.000000,1.498198,1.264902,0.886304,0.558894,0.560392
480,10,96,1.000000,1.235362,0.994506,0.753061,0.535496,0.568249
480,10,192,1.000000,1.281303,1.012880,0.816488,0.655527,0.654749
960,10,48,1.000000,2.299944,0.918849,0.918818,0.688025,0.675992
960,10,96,1.000000,1.872985,0.965576,0.624420,0.442525,0.453919
960,10,192,1.000000,2.138352,0.959426,0.616938,0.577083,0.569144
1920,10,48,1.000000,3.848072,1.013589,0.556897,0.467928,0.470815
1920,10,96,1.000000,3.906596,1.020712,0.557962,0.451357,0.453824
1920,10,192,1.000000,3.891258,1.023071,0.564922,0.461709,0.454061
