MATRIX_SIZE,THREADS,CHUNK,IJK_SPEEDUP,IKJ_SPEEDUP,JIK_SPEEDUP,JKI_SPEEDUP,KIJ_SPEEDUP,KJI_SPEEDUP
1000,10,1,1.000000,11.744664,1.044662,0.313213,0.199704,0.221665
1000,10,10,1.000000,11.242770,1.016136,0.328585,0.275224,0.294019
1000,10,20,1.000000,8.098648,0.963724,0.228289,0.198774,0.203251
1000,10,50,1.000000,7.875374,0.981808,0.288577,0.221718,0.192393
