MATRIX_SIZE,THREADS,CHUNK,IJK_TIME,IKJ_TIME,JIK_TIME,JKI_TIME,KIJ_TIME,KJI_TIME
1000,10,1,0.286094,0.035284,0.308495,1.152063,0.191303,1.464438
1000,10,10,0.325841,0.030205,0.343962,1.073732,0.119598,1.276406
1000,10,100,0.295627,0.028951,0.311730,0.907673,0.115707,1.224848
2000,10,1,10.766468,0.412738,8.843734,15.916060,1.134505,15.200787
2000,10,10,11.422343,0.400465,9.251149,15.925751,0.756053,15.293776
2000,10,100,12.020302,0.391762,9.318990,16.762862,0.777962,15.930576
