MATRIX_SIZE,IJK,IKJ,JIK,JKI,KIJ,KJI
500,1.000000,6.444476,1.028722,0.209108,3.781444,0.241151
750,1.000000,6.486197,0.881206,0.311818,4.151246,0.350502
