MATRIX_SIZE,IJK,IKJ,JIK,JKI,KIJ,KJI
500,1.000000,6.307875,0.999773,0.264416,3.579030,0.240366
750,1.000000,6.503602,0.953909,0.302772,3.945471,0.330673
1000,1.000000,8.687352,0.969787,0.304357,5.449947,0.299824
1250,1.000000,5.732308,1.042505,0.331457,4.350161,0.346478
1500,1.000000,6.674534,1.011386,0.337817,4.989101,0.342893
1750,1.000000,3.907612,0.958605,0.360209,4.222884,0.466528
2000,1.000000,74.327009,5.142075,3.244843,63.683249,3.301177
