MATRIX_SIZE,CHUNK,SERIAL_BASELINE,P2T,P4T,P8T
480,48,1.000000,2.211313,3.662147,5.338667
480,96,1.000000,1.732803,2.570537,4.969167
480,192,1.000000,1.728084,2.547950,2.534504
960,48,1.000000,2.187359,4.164334,6.223203
960,96,1.000000,2.107204,3.285932,5.082466
960,192,1.000000,1.781720,2.610988,4.799014
1920,48,1.000000,2.346217,4.705358,8.832134
1920,96,1.000000,2.343138,4.410304,7.285336
1920,192,1.000000,2.386253,3.820614,5.753848
