MATRIX_SIZE,IJK,IKJ,JIK,JKI,KIJ,KJI
480,1.000000,1.903754,1.046386,1.210454,1.845154,1.213372
960,1.000000,2.343384,0.918478,0.854368,2.163873,0.835558
1920,1.000000,6.202723,1.067844,1.063327,6.098257,1.069272
