MATRIX_SIZE,IJK_SPEEDUP,IKJ_SPEEDUP,JIK_SPEEDUP,JKI_SPEEDUP,KIJ_SPEEDUP,KJI_SPEEDUP
1000,1.000000,6.161707,0.962565,0.303591,4.862766,0.276466
1000,1.000000,7.923492,0.998327,0.294515,4.721431,0.283832
1000,1.000000,9.146936,0.989110,0.284675,5.208768,0.275883
1000,1.000000,8.547728,0.852739,0.258852,4.421281,0.257275
