MATRIX_SIZE,IJK,IKJ,JIK,JKI,KIJ,KJI
500,1.000000,1.828401,0.990789,1.141355,1.771401,1.087200
750,1.000000,1.841661,1.025902,1.180457,1.794869,1.196129
1000,1.000000,3.029948,0.972813,1.109234,2.878884,1.046138
500,1.000000,1.787565,0.995967,1.113566,1.762097,1.133861
750,1.000000,1.832960,1.020526,1.178241,1.787289,1.191721
1000,1.000000,2.511518,0.921090,0.881227,2.393912,0.950699
