MATRIX_SIZE,IJK,IKJ,JIK,JKI,KIJ,KJI
480,1.000000,7.032493,1.037274,0.244879,6.037513,0.250117
640,1.000000,6.923292,1.010742,0.451814,6.009493,0.537946
960,1.000000,7.432624,0.932670,0.226495,5.563658,0.213745
