MATRIX_SIZE,CHUNK,SERIAL_BASELINE,P2T,P4T,P8T
480,48,1.000000,1.396037,2.280098,3.438135
480,96,1.000000,1.217887,1.810020,3.372632
480,192,1.000000,1.219488,1.718931,1.695525
960,48,1.000000,1.411751,2.661002,4.492052
960,96,1.000000,1.393937,2.280496,3.430826
960,192,1.000000,1.217791,1.805347,3.372658
1920,48,1.000000,1.383466,2.674080,5.343757
1920,96,1.000000,1.391389,2.752514,4.495421
1920,192,1.000000,1.266410,2.255181,3.321594
