MATRIX_SIZE,IJK_TIME,IKJ_TIME,JIK_TIME,JKI_TIME,KIJ_TIME,KJI_TIME
1000,1.695436,0.191475,1.900306,6.325262,0.314609,6.191101
1000,1.939138,0.197693,1.992633,6.004971,0.318974,6.193289
1000,1.698147,0.192619,1.822719,6.066282,0.318666,6.217089
2000,99.744722,2.603639,70.559720,59.237061,2.709715,61.283012
2000,104.614917,2.628365,69.144760,59.980004,2.694506,62.020283
2000,126.013593,2.612092,73.100098,59.538727,2.705598,60.906326
