MATRIX_SIZE,THREADS,BLOCK_SIZE,SERIAL_IKJ,PARALLEL_IKJ,SERIAL_TILED,PARALLEL_TILED,PARALLEL_TILED_TASKS
480,10,48,1.000000,4.738876,1.013458,4.620991,4.089341
480,10,96,1.000000,3.527347,0.978723,3.437762,4.704326
480,10,48,1.000000,5.845674,1.047652,5.003362,5.255214
480,10,96,1.000000,3.489834,0.965227,3.381624,4.831422
