MATRIX_SIZE,THREADS,BLOCK_SIZE,SERIAL_IKJ,PARALLEL_IKJ,SERIAL_TILED,PARALLEL_TILED
500,10,2,1.000000,7.276038,0.302168,0.309050
500,10,5,1.000000,4.825892,0.415609,0.419128
500,10,10,1.000000,5.905251,0.482082,0.479751
750,10,2,1.000000,5.649550,0.194539,0.195399
750,10,5,1.000000,5.538012,0.385041,0.395990
750,10,10,1.000000,5.101302,0.435662,0.435753
