MATRIX_SIZE,IJK,IKJ,JIK,JKI,KIJ,KJI
480,1.000000,7.250478,1.181500,0.275643,4.185352,0.275297
640,1.000000,6.423904,1.020440,0.460870,4.162971,0.527621
960,1.000000,8.287491,0.951715,0.254990,4.827318,0.254913
1280,1.000000,5.718023,0.997597,0.323426,3.947144,0.348168
1920,1.000000,107.100507,5.374254,3.447305,79.989069,3.275357
