MATRIX_SIZE,IJK,IKJ,JIK,JKI,KIJ,KJI
480,1.000000,7.805636,1.187921,0.289002,4.363156,0.303185
640,1.000000,6.507471,1.013705,0.457602,4.030284,0.538615
960,1.000000,9.091476,0.944463,0.271872,4.856492,0.277531
1280,1.000000,5.343380,1.056509,0.360131,3.972955,0.445855
1920,1.000000,60.426427,4.704975,2.931970,64.242768,2.850980
